Workbook

Sheet Sales
A1: Order_ID | B1: Date | C1: Product | D1: Category | E1: Region | F1: Salesperson | G1: Quantity | H1: Unit_Price | I1: Total_Sales
A2: ORD001 | B2: 46025 | C2: Laptop | D2: Electronics | E2: Lagos | F2: Chukwu | G2: 2 | H2: 450000 | I2: 900000
A3: ORD002 | B3: 46026 | C3: Mouse | D3: Electronics | E3: Ogun | F3: Ada | G3: 10 | H3: 12000 | I3: 120000
A4: ORD003 | B4: 46027 | C4: Office Chair | D4: Furniture | E4: Abuja | F4: David | G4: 4 | H4: 85000 | I4: 340000
A5: ORD004 | B5: 46029 | C5: Keyboard | D5: Electronics | E5: Lagos | F5: Chukwu | G5: 5 | H5: 18000 | I5: 90000
A6: ORD005 | B6: 46031 | C6: Desk | D6: Furniture | E6: Ogun | F6: Ada | G6: 3 | H6: 120000 | I6: 360000
A7: ORD006 | B7: 46033 | C7: Monitor | D7: Electronics | E7: Abuja | F7: David | G7: 4 | H7: 150000 | I7: 600000
A8: ORD007 | B8: 46035 | C8: Printer | D8: Electronics | E8: Lagos | F8: Chukwu | G8: 2 | H8: 180000 | I8: 360000
A9: ORD008 | B9: 46037 | C9: Office Chair | D9: Furniture | E9: Ogun | F9: Ada | G9: 6 | H9: 85000 | I9: 510000
A10: ORD009 | B10: 46040 | C10: Laptop | D10: Electronics | E10: Abuja | F10: David | G10: 3 | H10: 450000 | I10: 1350000
A11: ORD010 | B11: 46042 | C11: Desk | D11: Furniture | E11: Lagos | F11: Chukwu | G11: 2 | H11: 120000 | I11: 240000
A12: ORD011 | B12: 46044 | C12: Mouse | D12: Electronics | E12: Ogun | F12: Ada | G12: 15 | H12: 12000 | I12: 180000
A13: ORD012 | B13: 46046 | C13: Monitor | D13: Electronics | E13: Lagos | F13: Chukwu | G13: 5 | H13: 150000 | I13: 750000
... A21: ORD020 | B21: 46063 | C21: Laptop | D21: Electronics | E21: Lagos | F21: Chukwu | G21: 2 | H21: 450000 | I21: 900000

Sheet Analysis 
A1: Sales Analysis
A3: Total Revenue | B3: =SUM(Sales!I2:I21) -> 9783000
A4: Total Quantity Sold | B4: =SUM(Sales!G2:G21) -> 102
A5: Average Order Value | B5: =AVERAGE(Sales!I2:I21) -> 489150
A6: Number of Orders | B6: =COUNTA(Sales!A2:A21) -> 20
A8: Product | B8: Total Sales | D8: Region | E8: Total Sales | G8: Salesperson | H8: Total Sales | J8: Category | K8: Total Sales
A9: Laptop | B9: =SUMIF(Sales!C2:C21,A9,Sales!I2:I21) -> 3600000 | D9: Lagos | E9: =SUMIF(Sales!E2:E21,D9,Sales!I2:I21) -> 3834000 | G9: Chukwu | H9: =SUMIF(Sales!F2:F21,G9,Sales!I2:I21) -> 3834000 | J9: Electronics | K9: =SUMIF(Sales!D2:D21,J9,Sales!I2:I21) -> 7428000
A10: Mouse | B10: =SUMIF(Sales!C3:C22,A10,Sales!I3:I22) -> 444000 | D10: Ogun | E10: =SUMIF(Sales!E3:E22,D10,Sales!I3:I22) -> 1739000 | G10: Ada | H10: =SUMIF(Sales!F3:F22,G10,Sales!I3:I22) -> 1739000 | J10: Furniture | K10: =SUMIF(Sales!D3:D22,J10,Sales!I3:I22) -> 2355000
A11: Office Chair | B11: =SUMIF(Sales!C4:C23,A11,Sales!I4:I23) -> 1275000 | D11: Abuja | E11: =SUMIF(Sales!E4:E23,D11,Sales!I4:I23) -> 4210000 | G11: David | H11: =SUMIF(Sales!F4:F23,G11,Sales!I4:I23) -> 4210000
A12: Keyboard | B12: =SUMIF(Sales!C5:C24,A12,Sales!I5:I24) -> 234000
A13: Desk | B13: =SUMIF(Sales!C6:C25,A13,Sales!I6:I25) -> 1080000 | D13: Product | E13: Total Sales | G13: Product | H13: Sales | I13: Contribution
A14: Monitor | B14: =SUMIF(Sales!C7:C26,A14,Sales!I7:I26) -> 2250000 | D14: Laptop | E14: 3600000 | G14: Laptop | H14: 3600000 | I14: 0.368
A15: Printer | B15: =SUMIF(Sales!C8:C27,A15,Sales!I8:I27) -> 900000 | D15: Monitor | E15: 2250000 | G15: Monitor | H15: 2250000 | I15: 0.23
D16: Office Chair | E16: 1275000 | G16: Office Chair | H16: 1275000 | I16: 0.13
D17: Desk | E17: 1080000 | G17: Desk | H17: 1080000 | I17: 0.11
A18: Month | B18: Total Sales | D18: Printer | E18: 900000 | G18: Printer | H18: 900000 | I18: 0.092
A19: January | B19: 6934000 | G19: Mouse | H19: 444000 | I19: 0.045
A20: February | B20: 2849000 | G20: Keyboard | H20: 234000 | I20: 0.024

Sheet Dashboard 
B2: SALES PERFORMANCE DASHBOARD
B3: Executive view of revenue, volume, product mix and regional performance
B5: Total Revenue | E5: Total Quantity | H5: Total Orders | K5: Average Order Value
B6: ='Analysis '!B3 -> ₦9,783,000 | E6: ='Analysis '!B4 -> 102 | H6: ='Analysis '!B6 -> 20 | K6: ='Analysis '!B5 -> ₦489,150
B9: TOP 5 PRODUCTS | H9: SALES BY REGION
B27: SALES BY SALESPERSON | H27: SALES BY CATEGORY
B45: MONTHLY SALES TREND

Sheet Insights
A1: KEY BUSINESS INSIGHTS
A3: 1. Laptop generated the highest product revenue at ₦3.6 million.
A4: 2. Abuja generated the highest regional sales at approximately ₦4.16 million.
A5: 3. David was the highest-performing salesperson based on total sales.
A6: 4. Electronics generated the majority of revenue compared with Furniture.
A7: 5. The business generated ₦9.783 million in revenue from 20 orders.
